Data/Hora;Cargo;Empresa;Local;Status;Link da Vaga
01/12/2025 03:42;Programa de Novos Talentos (Estágio Narwal);Narwal Sistemas;João Pessoa;Candidatura Enviada com Sucesso! ✅;https://www.linkedin.com/jobs/search/
01/12/2025 03:43;Junior Node Developer - Remote;INDI Staffing Services;Remote;Candidatura Enviada com Sucesso! ✅;https://www.linkedin.com/jobs/search/
01/12/2025 03:43;Junior Java Developer - Remote;INDI Staffing Services;Brasil;Candidatura Enviada com Sucesso! ✅;https://www.linkedin.com/jobs/search/
01/12/2025 03:44;Junior Java Developer - Remote;INDI Staffing Services;Remote;Candidatura Enviada com Sucesso! ✅;https://www.linkedin.com/jobs/search/
01/12/2025 03:45;Junior Python Developer - Remote;INDI Staffing Services;Brasil;Candidatura Enviada com Sucesso! ✅;https://www.linkedin.com/jobs/search/
01/12/2025 03:45;Programa de Novos Talentos (Estágio Narwal);Narwal Sistemas;João Pessoa;Candidatura Enviada com Sucesso! ✅;https://www.linkedin.com/jobs/search/
01/12/2025 03:46;Junior Python Developer - Remote;INDI Staffing Services;Remote;Candidatura Enviada com Sucesso! ✅;https://www.linkedin.com/jobs/search/
01/12/2025 03:47;Junior React Developer - Remote;INDI Staffing Services;Brasil;Candidatura Enviada com Sucesso! ✅;https://www.linkedin.com/jobs/search/
01/12/2025 03:47;Programa de Novos Talentos (Estágio Narwal);Narwal Sistemas;João Pessoa;Candidatura Enviada com Sucesso! ✅;https://www.linkedin.com/jobs/search/
01/12/2025 04:01;programador Junior/ pleno;EGGTECH TECNOLOGIA;Brasil;Candidatura Enviada com Sucesso! ✅;https://www.linkedin.com/jobs/search/
01/12/2025 04:01;Programa de Novos Talentos (Estágio Narwal);Narwal Sistemas;João Pessoa;Candidatura Enviada com Sucesso! ✅;https://www.linkedin.com/jobs/search/
01/12/2025 04:13;programador Junior/ pleno;EGGTECH TECNOLOGIA;Brasil;Candidatura Enviada com Sucesso! ✅;https://www.linkedin.com/jobs/view/4340556692/
